ticket_id,location,distance_km,days_waiting,text,efficiency_arg,equity_arg,synthesis
TKT-100,Wadeye (Remote),416,118,"Pet door flap damaged, needs replacement.",,,
TKT-101,Nhulunbuy (Remote),635,50,"Toilet running continuously, wasting water.",,,
TKT-102,Palmerston (Urban),65,34,Smoke detector beeping intermittently.,,,
TKT-103,Maningrida (Remote),504,70,"Toilet running continuously, wasting water.",,,
TKT-104,Papunya (Remote),620,70,"Kitchen sink draining slowly, possible blockage.",,,
TKT-105,Maningrida (Remote),522,110,Window cracked in bedroom after storm.,,,
TKT-106,Palmerston (Urban),17,61,Power point in kitchen sparking when I plug in the kettle.,,,
TKT-107,Maningrida (Remote),496,43,"Light flickering in bathroom, needs electrician.",,,
TKT-108,Papunya (Remote),630,89,Window cracked in bedroom after storm.,,,
TKT-109,Kintore (Remote),692,78,Stove burner not igniting.,,,
TKT-110,Darwin (Urban),60,40,Refrigerator not cooling adequately.,,,
TKT-111,Darwin (Urban),65,31,"Pet door flap damaged, needs replacement.",Delaying this repair risks further damage to the property.,Historical under-service in this locality warrants prioritization.,"FRICTION DETECTED: Assigning TKT-111 burns 5 hours of travel time (Efficiency Loss), but deferring it violates remote health SLAs for the 4th consecutive week (Equity Violation)."
TKT-112,Tennant Creek (Remote),988,111,Main water pipe to house is leaking into the yard. Pressure is low.,,,
TKT-113,Palmerston (Urban),48,3,"Toilet running continuously, wasting water.",,,
TKT-114,Papunya (Remote),585,95,"Pet door flap damaged, needs replacement.","Bypassing this ticket allows the fleet to clear 4 jobs in Darwin today, maximizing resource utility.",Elderly occupants are particularly vulnerable to this issue.,"FRICTION DETECTED: Assigning TKT-114 burns 5 hours of travel time (Efficiency Loss), but deferring it violates remote health SLAs for the 4th consecutive week (Equity Violation)."
TKT-115,Tennant Creek (Remote),965,54,"Pet door flap damaged, needs replacement.",,,
TKT-116,Yuendumu (Remote),312,42,Door handle loose on front door.,,,
TKT-117,Kintore (Remote),696,78,Power point in kitchen sparking when I plug in the kettle.,,,
TKT-118,Wadeye (Remote),380,38,Refrigerator not cooling adequately.,"Bypassing this ticket allows the fleet to clear 4 jobs in Darwin today, maximizing resource utility.",The issue affects essential services (water/power) for a household with young children.,URGENT ACTION REQUIRED: Safety implications outweigh efficiency considerations.
TKT-119,Nhulunbuy (Remote),647,34,Refrigerator not cooling adequately.,,,
TKT-120,Yuendumu (Remote),339,60,"Toilet running continuously, wasting water.",,,
TKT-121,Yuendumu (Remote),283,106,Gutter blocked with leaves causing water overflow.,,,
TKT-122,Darwin (Urban),7,107,"Kitchen sink draining slowly, possible blockage.",,,
TKT-123,Papunya (Remote),561,2,Smoke detector beeping intermittently.,,,
TKT-124,Wadeye (Remote),367,116,Main water pipe to house is leaking into the yard. Pressure is low.,,,
TKT-125,Nhulunbuy (Remote),614,71,Power point in kitchen sparking when I plug in the kettle.,,,
TKT-126,Nhulunbuy (Remote),589,42,Gutter blocked with leaves causing water overflow.,,,
TKT-127,Katherine (Urban),345,114,Refrigerator not cooling adequately.,"Bypassing this ticket allows the fleet to clear 4 jobs in Darwin today, maximizing resource utility.",The issue affects essential services (water/power) for a household with young children.,URGENT ACTION REQUIRED: Safety implications outweigh efficiency considerations.
TKT-128,Palmerston (Urban),0,55,"Kitchen sink draining slowly, possible blockage.",,,
TKT-129,Tennant Creek (Remote),1042,42,Door handle loose on front door.,,,
TKT-130,Kintore (Remote),645,75,Gutter blocked with leaves causing water overflow.,,,
TKT-131,Katherine (Urban),355,56,"Pet door flap damaged, needs replacement.",,,
TKT-132,Yuendumu (Remote),259,110,Aircon dripping slightly in the living room. Not urgent but annoying.,,,
TKT-133,Papunya (Remote),607,21,Refrigerator not cooling adequately.,,,
TKT-134,Darwin (Urban),0,84,"Pet door flap damaged, needs replacement.","Bypassing this ticket allows the fleet to clear 4 jobs in Darwin today, maximizing resource utility.",Elderly occupants are particularly vulnerable to this issue.,BALANCED APPROACH: The efficiency gain from delaying is marginal compared to the equity impact of prolonged wait.
TKT-135,Darwin (Urban),0,105,Smoke detector beeping intermittently.,,,
TKT-136,Groote Eylandt (Remote),508,47,Door handle loose on front door.,This repair is straightforward and can be completed within 2 hours.,This ticket has breached the 30-day SLA. The safety hazard in a remote community represents a critical health risk.,BALANCED APPROACH: The efficiency gain from delaying is marginal compared to the equity impact of prolonged wait.
TKT-137,Palmerston (Urban),16,4,Gutter blocked with leaves causing water overflow.,,,
TKT-138,Tennant Creek (Remote),1040,58,Aircon dripping slightly in the living room. Not urgent but annoying.,,,
TKT-139,Maningrida (Remote),523,90,"Kitchen sink draining slowly, possible blockage.",,,
TKT-140,Alice Springs (Urban),1518,18,Main water pipe to house is leaking into the yard. Pressure is low.,,,
TKT-141,Alice Springs (Urban),1550,87,Stove burner not igniting.,,,
TKT-142,Alice Springs (Urban),1535,89,Gutter blocked with leaves causing water overflow.,,,
TKT-143,Jabiru (Remote),292,110,Refrigerator not cooling adequately.,,,
TKT-144,Maningrida (Remote),509,64,"Kitchen sink draining slowly, possible blockage.",Addressing this issue prevents escalation to a more costly repair.,Elderly occupants are particularly vulnerable to this issue.,STANDARD PRIORITY: No significant equity or efficiency conflicts identified.
TKT-145,Maningrida (Remote),485,79,Gutter blocked with leaves causing water overflow.,,,
TKT-146,Nhulunbuy (Remote),567,36,Aircon dripping slightly in the living room. Not urgent but annoying.,,,
TKT-147,Katherine (Urban),341,68,Smoke detector beeping intermittently.,,,
TKT-148,Alice Springs (Urban),1521,112,Refrigerator not cooling adequately.,This ticket is low priority and can be batched with other nearby tasks.,Historical under-service in this locality warrants prioritization.,STANDARD PRIORITY: No significant equity or efficiency conflicts identified.
TKT-149,Papunya (Remote),565,57,"Flyscreen torn in the bedroom, lots of mosquitoes getting in.",,,
TKT-150,Kintore (Remote),683,49,Smoke detector beeping intermittently.,,,
TKT-151,Jabiru (Remote),239,83,"Light flickering in bathroom, needs electrician.",This ticket is low priority and can be batched with other nearby tasks.,The issue affects essential services (water/power) for a household with young children.,STANDARD PRIORITY: No significant equity or efficiency conflicts identified.
TKT-152,Yuendumu (Remote),322,0,"Pet door flap damaged, needs replacement.",This ticket is low priority and can be batched with other nearby tasks.,Residents in remote areas have limited access to services; delays exacerbate inequities.,URGENT ACTION REQUIRED: Safety implications outweigh efficiency considerations.
TKT-153,Jabiru (Remote),270,7,"Pet door flap damaged, needs replacement.",,,
TKT-154,Papunya (Remote),599,47,"Light flickering in bathroom, needs electrician.",,,
TKT-155,Groote Eylandt (Remote),488,102,Stove burner not igniting.,"Bypassing this ticket allows the fleet to clear 4 jobs in Darwin today, maximizing resource utility.",This ticket has breached the 30-day SLA. The safety hazard in a remote community represents a critical health risk.,STANDARD PRIORITY: No significant equity or efficiency conflicts identified.
TKT-156,Yirrkala (Remote),568,17,"Kitchen sink draining slowly, possible blockage.",,,
TKT-157,Tennant Creek (Remote),1026,6,"Pet door flap damaged, needs replacement.",,,
TKT-158,Yirrkala (Remote),552,66,Refrigerator not cooling adequately.,Addressing this issue prevents escalation to a more costly repair.,This ticket has breached the 30-day SLA. The safety hazard in a remote community represents a critical health risk.,"FRICTION DETECTED: Assigning TKT-158 burns 4 hours of travel time (Efficiency Loss), but deferring it violates remote health SLAs for the 1th consecutive week (Equity Violation)."
TKT-159,Nhulunbuy (Remote),679,116,Aircon dripping slightly in the living room. Not urgent but annoying.,,,
TKT-160,Palmerston (Urban),61,93,"Kitchen sink draining slowly, possible blockage.",,,
TKT-161,Nhulunbuy (Remote),575,71,"Kitchen sink draining slowly, possible blockage.",,,
TKT-162,Wadeye (Remote),435,9,Gutter blocked with leaves causing water overflow.,,,
TKT-163,Jabiru (Remote),237,45,"Kitchen sink draining slowly, possible blockage.",,,
TKT-164,Katherine (Urban),360,34,Hot water system not heating water properly.,Addressing this issue prevents escalation to a more costly repair.,Historical under-service in this locality warrants prioritization.,URGENT ACTION REQUIRED: Safety implications outweigh efficiency considerations.
TKT-165,Palmerston (Urban),37,100,Door handle loose on front door.,,,
TKT-166,Jabiru (Remote),237,11,Main water pipe to house is leaking into the yard. Pressure is low.,,,
TKT-167,Alice Springs (Urban),1544,57,"Flyscreen torn in the bedroom, lots of mosquitoes getting in.",,,
TKT-168,Yirrkala (Remote),615,78,Refrigerator not cooling adequately.,,,
TKT-169,Wadeye (Remote),407,97,Window cracked in bedroom after storm.,,,
TKT-170,Papunya (Remote),587,33,"Pet door flap damaged, needs replacement.",,,
TKT-171,Tennant Creek (Remote),965,71,Aircon dripping slightly in the living room. Not urgent but annoying.,,,
TKT-172,Papunya (Remote),628,98,Smoke detector beeping intermittently.,,,
TKT-173,Maningrida (Remote),478,106,Door handle loose on front door.,,,
TKT-174,Darwin (Urban),42,47,"Flyscreen torn in the bedroom, lots of mosquitoes getting in.",,,
TKT-175,Jabiru (Remote),265,101,"Pet door flap damaged, needs replacement.",,,
TKT-176,Groote Eylandt (Remote),505,8,Main water pipe to house is leaking into the yard. Pressure is low.,,,
TKT-177,Groote Eylandt (Remote),499,33,Refrigerator not cooling adequately.,Delaying this repair risks further damage to the property.,The issue affects essential services (water/power) for a household with young children.,BALANCED APPROACH: The efficiency gain from delaying is marginal compared to the equity impact of prolonged wait.
TKT-178,Alice Springs (Urban),1521,68,Stove burner not igniting.,This repair is straightforward and can be completed within 2 hours.,Elderly occupants are particularly vulnerable to this issue.,STANDARD PRIORITY: No significant equity or efficiency conflicts identified.
TKT-179,Darwin (Urban),53,76,Power point in kitchen sparking when I plug in the kettle.,,,
TKT-180,Wadeye (Remote),390,21,Aircon dripping slightly in the living room. Not urgent but annoying.,,,
TKT-181,Yirrkala (Remote),628,15,Power point in kitchen sparking when I plug in the kettle.,,,
TKT-182,Yirrkala (Remote),537,3,"Flyscreen torn in the bedroom, lots of mosquitoes getting in.","Bypassing this ticket allows the fleet to clear 4 jobs in Darwin today, maximizing resource utility.",Residents in remote areas have limited access to services; delays exacerbate inequities.,URGENT ACTION REQUIRED: Safety implications outweigh efficiency considerations.
TKT-183,Kintore (Remote),676,89,"Pet door flap damaged, needs replacement.",,,
TKT-184,Yirrkala (Remote),581,79,"Toilet running continuously, wasting water.",,,
TKT-185,Katherine (Urban),309,32,Door handle loose on front door.,,,
TKT-186,Darwin (Urban),23,4,Door handle loose on front door.,,,
TKT-187,Darwin (Urban),0,2,"Light flickering in bathroom, needs electrician.",,,
TKT-188,Kintore (Remote),612,13,Window cracked in bedroom after storm.,,,
TKT-189,Papunya (Remote),564,8,Refrigerator not cooling adequately.,,,
TKT-190,Maningrida (Remote),533,118,Hot water system not heating water properly.,,,
TKT-191,Wadeye (Remote),421,60,"Flyscreen torn in the bedroom, lots of mosquitoes getting in.",,,
TKT-192,Groote Eylandt (Remote),516,109,"Kitchen sink draining slowly, possible blockage.",Addressing this issue prevents escalation to a more costly repair.,Elderly occupants are particularly vulnerable to this issue.,BALANCED APPROACH: The efficiency gain from delaying is marginal compared to the equity impact of prolonged wait.
TKT-193,Maningrida (Remote),451,85,Window cracked in bedroom after storm.,,,
TKT-194,Groote Eylandt (Remote),520,57,"Light flickering in bathroom, needs electrician.",,,
TKT-195,Tennant Creek (Remote),958,49,Main water pipe to house is leaking into the yard. Pressure is low.,,,
TKT-196,Tennant Creek (Remote),959,78,"Kitchen sink draining slowly, possible blockage.",,,
TKT-197,Kintore (Remote),667,11,Gutter blocked with leaves causing water overflow.,,,
TKT-198,Nhulunbuy (Remote),615,116,Smoke detector beeping intermittently.,,,
TKT-199,Yuendumu (Remote),251,104,Refrigerator not cooling adequately.,,,
TKT-200,Yirrkala (Remote),587,80,Aircon dripping slightly in the living room. Not urgent but annoying.,,,
TKT-201,Jabiru (Remote),247,11,Power point in kitchen sparking when I plug in the kettle.,,,
TKT-202,Alice Springs (Urban),1472,32,Smoke detector beeping intermittently.,,,
TKT-203,Wadeye (Remote),442,21,"Pet door flap damaged, needs replacement.",Addressing this issue prevents escalation to a more costly repair.,Elderly occupants are particularly vulnerable to this issue.,"FRICTION DETECTED: Assigning TKT-203 burns 8 hours of travel time (Efficiency Loss), but deferring it violates remote health SLAs for the 1th consecutive week (Equity Violation)."
TKT-204,Yuendumu (Remote),281,33,Hot water system not heating water properly.,,,
TKT-205,Tennant Creek (Remote),1006,9,Gutter blocked with leaves causing water overflow.,,,
TKT-206,Palmerston (Urban),7,54,"Toilet running continuously, wasting water.",,,
TKT-207,Nhulunbuy (Remote),620,44,"Kitchen sink draining slowly, possible blockage.",,,
TKT-208,Yirrkala (Remote),619,56,Power point in kitchen sparking when I plug in the kettle.,,,
TKT-209,Yuendumu (Remote),302,108,Gutter blocked with leaves causing water overflow.,,,
TKT-210,Darwin (Urban),54,95,"Toilet running continuously, wasting water.",,,
TKT-211,Wadeye (Remote),428,34,"Pet door flap damaged, needs replacement.",,,
TKT-212,Yirrkala (Remote),545,118,Window cracked in bedroom after storm.,,,
TKT-213,Yirrkala (Remote),581,16,Door handle loose on front door.,,,
TKT-214,Alice Springs (Urban),1501,18,"Flyscreen torn in the bedroom, lots of mosquitoes getting in.",,,
TKT-215,Darwin (Urban),0,78,Window cracked in bedroom after storm.,Delaying this repair risks further damage to the property.,Residents in remote areas have limited access to services; delays exacerbate inequities.,"FRICTION DETECTED: Assigning TKT-215 burns 8 hours of travel time (Efficiency Loss), but deferring it violates remote health SLAs for the 1th consecutive week (Equity Violation)."
TKT-216,Groote Eylandt (Remote),459,50,Refrigerator not cooling adequately.,,,
TKT-217,Yuendumu (Remote),317,35,Hot water system not heating water properly.,,,
TKT-218,Yuendumu (Remote),270,75,Gutter blocked with leaves causing water overflow.,This ticket is low priority and can be batched with other nearby tasks.,This ticket has breached the 30-day SLA. The safety hazard in a remote community represents a critical health risk.,"FRICTION DETECTED: Assigning TKT-218 burns 3 hours of travel time (Efficiency Loss), but deferring it violates remote health SLAs for the 5th consecutive week (Equity Violation)."
TKT-219,Kintore (Remote),638,42,"Light flickering in bathroom, needs electrician.",,,
TKT-220,Palmerston (Urban),0,90,Window cracked in bedroom after storm.,,,
TKT-221,Nhulunbuy (Remote),617,106,Hot water system not heating water properly.,This ticket is low priority and can be batched with other nearby tasks.,Elderly occupants are particularly vulnerable to this issue.,STANDARD PRIORITY: No significant equity or efficiency conflicts identified.
TKT-222,Groote Eylandt (Remote),485,3,Door handle loose on front door.,,,
TKT-223,Yuendumu (Remote),300,118,Power point in kitchen sparking when I plug in the kettle.,,,
TKT-224,Alice Springs (Urban),1549,47,"Light flickering in bathroom, needs electrician.",,,
TKT-225,Wadeye (Remote),444,73,"Kitchen sink draining slowly, possible blockage.",This repair is straightforward and can be completed within 2 hours.,This ticket has breached the 30-day SLA. The safety hazard in a remote community represents a critical health risk.,STANDARD PRIORITY: No significant equity or efficiency conflicts identified.
TKT-226,Alice Springs (Urban),1460,44,Gutter blocked with leaves causing water overflow.,,,
TKT-227,Yuendumu (Remote),343,110,Refrigerator not cooling adequately.,,,
TKT-228,Nhulunbuy (Remote),608,75,Refrigerator not cooling adequately.,,,
TKT-229,Kintore (Remote),633,103,Door handle loose on front door.,This repair is straightforward and can be completed within 2 hours.,Elderly occupants are particularly vulnerable to this issue.,BALANCED APPROACH: The efficiency gain from delaying is marginal compared to the equity impact of prolonged wait.
TKT-230,Groote Eylandt (Remote),513,64,Door handle loose on front door.,,,
TKT-231,Wadeye (Remote),382,102,"Light flickering in bathroom, needs electrician.",,,
TKT-232,Kintore (Remote),610,97,Gutter blocked with leaves causing water overflow.,,,
TKT-233,Yirrkala (Remote),545,25,Power point in kitchen sparking when I plug in the kettle.,"Bypassing this ticket allows the fleet to clear 4 jobs in Darwin today, maximizing resource utility.",This ticket has breached the 30-day SLA. The safety hazard in a remote community represents a critical health risk.,BALANCED APPROACH: The efficiency gain from delaying is marginal compared to the equity impact of prolonged wait.
TKT-234,Nhulunbuy (Remote),683,72,"Kitchen sink draining slowly, possible blockage.",,,
TKT-235,Kintore (Remote),645,110,Refrigerator not cooling adequately.,This ticket is low priority and can be batched with other nearby tasks.,This ticket has breached the 30-day SLA. The safety hazard in a remote community represents a critical health risk.,STANDARD PRIORITY: No significant equity or efficiency conflicts identified.
TKT-236,Yuendumu (Remote),316,114,Stove burner not igniting.,,,
TKT-237,Jabiru (Remote),212,65,Aircon dripping slightly in the living room. Not urgent but annoying.,,,
TKT-238,Maningrida (Remote),541,104,Power point in kitchen sparking when I plug in the kettle.,,,
TKT-239,Tennant Creek (Remote),970,30,"Flyscreen torn in the bedroom, lots of mosquitoes getting in.",,,
TKT-240,Nhulunbuy (Remote),644,114,Main water pipe to house is leaking into the yard. Pressure is low.,Delaying this repair risks further damage to the property.,Residents in remote areas have limited access to services; delays exacerbate inequities.,"FRICTION DETECTED: Assigning TKT-240 burns 2 hours of travel time (Efficiency Loss), but deferring it violates remote health SLAs for the 4th consecutive week (Equity Violation)."
TKT-241,Yirrkala (Remote),559,35,"Kitchen sink draining slowly, possible blockage.",,,
TKT-242,Groote Eylandt (Remote),506,101,Main water pipe to house is leaking into the yard. Pressure is low.,This repair is straightforward and can be completed within 2 hours.,The issue affects essential services (water/power) for a household with young children.,STANDARD PRIORITY: No significant equity or efficiency conflicts identified.
TKT-243,Yirrkala (Remote),575,106,"Pet door flap damaged, needs replacement.",This repair is straightforward and can be completed within 2 hours.,The issue affects essential services (water/power) for a household with young children.,"FRICTION DETECTED: Assigning TKT-243 burns 7 hours of travel time (Efficiency Loss), but deferring it violates remote health SLAs for the 2th consecutive week (Equity Violation)."
TKT-244,Alice Springs (Urban),1534,102,Hot water system not heating water properly.,"Bypassing this ticket allows the fleet to clear 4 jobs in Darwin today, maximizing resource utility.",The issue affects essential services (water/power) for a household with young children.,STANDARD PRIORITY: No significant equity or efficiency conflicts identified.
TKT-245,Jabiru (Remote),263,58,Stove burner not igniting.,This ticket is low priority and can be batched with other nearby tasks.,Residents in remote areas have limited access to services; delays exacerbate inequities.,"FRICTION DETECTED: Assigning TKT-245 burns 6 hours of travel time (Efficiency Loss), but deferring it violates remote health SLAs for the 3th consecutive week (Equity Violation)."
TKT-246,Nhulunbuy (Remote),645,0,"Flyscreen torn in the bedroom, lots of mosquitoes getting in.",,,
TKT-247,Wadeye (Remote),364,23,"Kitchen sink draining slowly, possible blockage.",Delaying this repair risks further damage to the property.,Historical under-service in this locality warrants prioritization.,STANDARD PRIORITY: No significant equity or efficiency conflicts identified.
TKT-248,Groote Eylandt (Remote),517,0,Hot water system not heating water properly.,,,
TKT-249,Nhulunbuy (Remote),628,59,"Light flickering in bathroom, needs electrician.",This repair is straightforward and can be completed within 2 hours.,The issue affects essential services (water/power) for a household with young children.,URGENT ACTION REQUIRED: Safety implications outweigh efficiency considerations.
TKT-250,Papunya (Remote),587,3,"Toilet running continuously, wasting water.",,,
TKT-251,Kintore (Remote),674,49,Refrigerator not cooling adequately.,,,
TKT-252,Nhulunbuy (Remote),698,82,Power point in kitchen sparking when I plug in the kettle.,,,
TKT-253,Groote Eylandt (Remote),473,2,Window cracked in bedroom after storm.,Addressing this issue prevents escalation to a more costly repair.,Residents in remote areas have limited access to services; delays exacerbate inequities.,STANDARD PRIORITY: No significant equity or efficiency conflicts identified.
TKT-254,Nhulunbuy (Remote),648,5,"Light flickering in bathroom, needs electrician.",,,
TKT-255,Tennant Creek (Remote),1025,87,Refrigerator not cooling adequately.,,,
TKT-256,Nhulunbuy (Remote),578,35,Window cracked in bedroom after storm.,,,
TKT-257,Darwin (Urban),29,25,Door handle loose on front door.,,,
TKT-258,Alice Springs (Urban),1516,52,Gutter blocked with leaves causing water overflow.,,,
TKT-259,Palmerston (Urban),23,114,"Flyscreen torn in the bedroom, lots of mosquitoes getting in.",Delaying this repair risks further damage to the property.,Residents in remote areas have limited access to services; delays exacerbate inequities.,STANDARD PRIORITY: No significant equity or efficiency conflicts identified.
TKT-260,Katherine (Urban),364,113,"Flyscreen torn in the bedroom, lots of mosquitoes getting in.",,,
TKT-261,Papunya (Remote),619,67,"Pet door flap damaged, needs replacement.",This ticket is low priority and can be batched with other nearby tasks.,Elderly occupants are particularly vulnerable to this issue.,STANDARD PRIORITY: No significant equity or efficiency conflicts identified.
TKT-262,Maningrida (Remote),468,7,Aircon dripping slightly in the living room. Not urgent but annoying.,,,
TKT-263,Nhulunbuy (Remote),586,67,Refrigerator not cooling adequately.,This ticket is low priority and can be batched with other nearby tasks.,The issue affects essential services (water/power) for a household with young children.,"FRICTION DETECTED: Assigning TKT-263 burns 6 hours of travel time (Efficiency Loss), but deferring it violates remote health SLAs for the 2th consecutive week (Equity Violation)."
TKT-264,Maningrida (Remote),484,113,Smoke detector beeping intermittently.,,,
TKT-265,Jabiru (Remote),281,105,"Light flickering in bathroom, needs electrician.",,,
TKT-266,Tennant Creek (Remote),976,2,Gutter blocked with leaves causing water overflow.,,,
TKT-267,Darwin (Urban),32,7,"Light flickering in bathroom, needs electrician.",,,
TKT-268,Nhulunbuy (Remote),559,40,"Pet door flap damaged, needs replacement.",,,
TKT-269,Groote Eylandt (Remote),506,15,Smoke detector beeping intermittently.,,,
TKT-270,Katherine (Urban),333,90,Hot water system not heating water properly.,,,
TKT-271,Katherine (Urban),282,51,Main water pipe to house is leaking into the yard. Pressure is low.,,,
TKT-272,Kintore (Remote),600,88,Hot water system not heating water properly.,,,
TKT-273,Kintore (Remote),607,77,Gutter blocked with leaves causing water overflow.,Addressing this issue prevents escalation to a more costly repair.,Historical under-service in this locality warrants prioritization.,URGENT ACTION REQUIRED: Safety implications outweigh efficiency considerations.
TKT-274,Katherine (Urban),357,21,Smoke detector beeping intermittently.,,,
TKT-275,Katherine (Urban),354,6,"Kitchen sink draining slowly, possible blockage.",,,
TKT-276,Maningrida (Remote),489,13,"Toilet running continuously, wasting water.",,,
TKT-277,Alice Springs (Urban),1465,25,"Kitchen sink draining slowly, possible blockage.","Bypassing this ticket allows the fleet to clear 4 jobs in Darwin today, maximizing resource utility.",Residents in remote areas have limited access to services; delays exacerbate inequities.,"FRICTION DETECTED: Assigning TKT-277 burns 5 hours of travel time (Efficiency Loss), but deferring it violates remote health SLAs for the 1th consecutive week (Equity Violation)."
TKT-278,Wadeye (Remote),418,99,"Kitchen sink draining slowly, possible blockage.",Delaying this repair risks further damage to the property.,Elderly occupants are particularly vulnerable to this issue.,BALANCED APPROACH: The efficiency gain from delaying is marginal compared to the equity impact of prolonged wait.
TKT-279,Jabiru (Remote),291,61,"Toilet running continuously, wasting water.",,,
TKT-280,Maningrida (Remote),518,74,Power point in kitchen sparking when I plug in the kettle.,,,
TKT-281,Groote Eylandt (Remote),451,9,Stove burner not igniting.,,,
TKT-282,Papunya (Remote),575,54,Stove burner not igniting.,,,
TKT-283,Katherine (Urban),326,8,"Flyscreen torn in the bedroom, lots of mosquitoes getting in.",,,
TKT-284,Groote Eylandt (Remote),523,113,"Toilet running continuously, wasting water.",This ticket is low priority and can be batched with other nearby tasks.,The issue affects essential services (water/power) for a household with young children.,STANDARD PRIORITY: No significant equity or efficiency conflicts identified.
TKT-285,Tennant Creek (Remote),1025,22,Gutter blocked with leaves causing water overflow.,,,
TKT-286,Groote Eylandt (Remote),461,35,Window cracked in bedroom after storm.,,,
TKT-287,Darwin (Urban),0,91,"Kitchen sink draining slowly, possible blockage.",,,
TKT-288,Yuendumu (Remote),263,35,"Kitchen sink draining slowly, possible blockage.",,,
TKT-289,Groote Eylandt (Remote),497,7,"Light flickering in bathroom, needs electrician.",,,
TKT-290,Papunya (Remote),603,110,"Pet door flap damaged, needs replacement.",,,
TKT-291,Palmerston (Urban),48,93,"Light flickering in bathroom, needs electrician.",,,
TKT-292,Jabiru (Remote),204,37,Stove burner not igniting.,,,
TKT-293,Yirrkala (Remote),611,39,"Pet door flap damaged, needs replacement.",Addressing this issue prevents escalation to a more costly repair.,Elderly occupants are particularly vulnerable to this issue.,STANDARD PRIORITY: No significant equity or efficiency conflicts identified.
TKT-294,Nhulunbuy (Remote),576,111,Aircon dripping slightly in the living room. Not urgent but annoying.,,,
TKT-295,Maningrida (Remote),549,90,Power point in kitchen sparking when I plug in the kettle.,,,
TKT-296,Alice Springs (Urban),1532,115,"Pet door flap damaged, needs replacement.",,,
TKT-297,Alice Springs (Urban),1513,14,"Light flickering in bathroom, needs electrician.",Delaying this repair risks further damage to the property.,Historical under-service in this locality warrants prioritization.,"FRICTION DETECTED: Assigning TKT-297 burns 3 hours of travel time (Efficiency Loss), but deferring it violates remote health SLAs for the 2th consecutive week (Equity Violation)."
TKT-298,Tennant Creek (Remote),979,37,Hot water system not heating water properly.,,,
TKT-299,Alice Springs (Urban),1500,108,"Kitchen sink draining slowly, possible blockage.",,,
TKT-300,Darwin (Urban),30,61,"Toilet running continuously, wasting water.",,,
TKT-301,Darwin (Urban),0,0,Hot water system not heating water properly.,,,
TKT-302,Jabiru (Remote),219,49,Door handle loose on front door.,,,
TKT-303,Katherine (Urban),300,85,Main water pipe to house is leaking into the yard. Pressure is low.,,,
TKT-304,Jabiru (Remote),207,15,Smoke detector beeping intermittently.,,,
TKT-305,Katherine (Urban),307,97,"Kitchen sink draining slowly, possible blockage.",,,
TKT-306,Darwin (Urban),35,103,Power point in kitchen sparking when I plug in the kettle.,Delaying this repair risks further damage to the property.,This ticket has breached the 30-day SLA. The safety hazard in a remote community represents a critical health risk.,URGENT ACTION REQUIRED: Safety implications outweigh efficiency considerations.
TKT-307,Wadeye (Remote),432,26,"Toilet running continuously, wasting water.",,,
TKT-308,Papunya (Remote),568,25,Refrigerator not cooling adequately.,,,
TKT-309,Jabiru (Remote),272,46,Door handle loose on front door.,,,
TKT-310,Palmerston (Urban),19,17,Smoke detector beeping intermittently.,,,
TKT-311,Papunya (Remote),602,26,Gutter blocked with leaves causing water overflow.,,,
TKT-312,Nhulunbuy (Remote),608,37,"Toilet running continuously, wasting water.",,,
TKT-313,Nhulunbuy (Remote),654,67,Main water pipe to house is leaking into the yard. Pressure is low.,,,
TKT-314,Tennant Creek (Remote),972,35,Main water pipe to house is leaking into the yard. Pressure is low.,,,
TKT-315,Palmerston (Urban),6,70,Hot water system not heating water properly.,,,
TKT-316,Darwin (Urban),0,111,Smoke detector beeping intermittently.,,,
TKT-317,Palmerston (Urban),29,64,Smoke detector beeping intermittently.,,,
TKT-318,Groote Eylandt (Remote),528,87,"Flyscreen torn in the bedroom, lots of mosquitoes getting in.",,,
TKT-319,Maningrida (Remote),474,63,Door handle loose on front door.,,,
TKT-320,Nhulunbuy (Remote),615,73,Power point in kitchen sparking when I plug in the kettle.,This repair is straightforward and can be completed within 2 hours.,This ticket has breached the 30-day SLA. The safety hazard in a remote community represents a critical health risk.,URGENT ACTION REQUIRED: Safety implications outweigh efficiency considerations.
TKT-321,Wadeye (Remote),394,69,Hot water system not heating water properly.,This ticket is low priority and can be batched with other nearby tasks.,This ticket has breached the 30-day SLA. The safety hazard in a remote community represents a critical health risk.,STANDARD PRIORITY: No significant equity or efficiency conflicts identified.
TKT-322,Alice Springs (Urban),1523,11,Smoke detector beeping intermittently.,,,
TKT-323,Groote Eylandt (Remote),503,102,Window cracked in bedroom after storm.,,,
TKT-324,Yuendumu (Remote),278,80,"Kitchen sink draining slowly, possible blockage.",,,
TKT-325,Kintore (Remote),656,101,Power point in kitchen sparking when I plug in the kettle.,,,
TKT-326,Maningrida (Remote),512,46,Gutter blocked with leaves causing water overflow.,,,
TKT-327,Katherine (Urban),352,90,Smoke detector beeping intermittently.,,,
TKT-328,Yirrkala (Remote),550,60,Smoke detector beeping intermittently.,,,
TKT-329,Jabiru (Remote),204,49,Window cracked in bedroom after storm.,,,
TKT-330,Yuendumu (Remote),346,32,"Kitchen sink draining slowly, possible blockage.",,,
TKT-331,Tennant Creek (Remote),1005,117,"Flyscreen torn in the bedroom, lots of mosquitoes getting in.",,,
TKT-332,Yuendumu (Remote),282,88,"Flyscreen torn in the bedroom, lots of mosquitoes getting in.",,,
TKT-333,Nhulunbuy (Remote),625,27,"Kitchen sink draining slowly, possible blockage.",,,
TKT-334,Wadeye (Remote),354,99,"Flyscreen torn in the bedroom, lots of mosquitoes getting in.",,,
TKT-335,Alice Springs (Urban),1511,109,Power point in kitchen sparking when I plug in the kettle.,,,
TKT-336,Wadeye (Remote),403,72,Main water pipe to house is leaking into the yard. Pressure is low.,Addressing this issue prevents escalation to a more costly repair.,Historical under-service in this locality warrants prioritization.,"FRICTION DETECTED: Assigning TKT-336 burns 4 hours of travel time (Efficiency Loss), but deferring it violates remote health SLAs for the 1th consecutive week (Equity Violation)."
TKT-337,Yuendumu (Remote),257,59,"Flyscreen torn in the bedroom, lots of mosquitoes getting in.",,,
TKT-338,Tennant Creek (Remote),960,62,"Toilet running continuously, wasting water.",,,
TKT-339,Yuendumu (Remote),259,75,Power point in kitchen sparking when I plug in the kettle.,Addressing this issue prevents escalation to a more costly repair.,Elderly occupants are particularly vulnerable to this issue.,STANDARD PRIORITY: No significant equity or efficiency conflicts identified.
TKT-340,Nhulunbuy (Remote),696,41,"Pet door flap damaged, needs replacement.",,,
TKT-341,Kintore (Remote),635,27,Main water pipe to house is leaking into the yard. Pressure is low.,,,
TKT-342,Yuendumu (Remote),306,32,Window cracked in bedroom after storm.,,,
TKT-343,Maningrida (Remote),520,45,Power point in kitchen sparking when I plug in the kettle.,,,
TKT-344,Tennant Creek (Remote),981,47,Main water pipe to house is leaking into the yard. Pressure is low.,Addressing this issue prevents escalation to a more costly repair.,Historical under-service in this locality warrants prioritization.,URGENT ACTION REQUIRED: Safety implications outweigh efficiency considerations.
TKT-345,Maningrida (Remote),529,28,Refrigerator not cooling adequately.,,,
TKT-346,Alice Springs (Urban),1453,90,Door handle loose on front door.,,,
TKT-347,Maningrida (Remote),530,112,"Light flickering in bathroom, needs electrician.",,,
TKT-348,Katherine (Urban),339,79,"Kitchen sink draining slowly, possible blockage.",,,
TKT-349,Yirrkala (Remote),625,22,Stove burner not igniting.,,,
TKT-350,Wadeye (Remote),425,120,"Flyscreen torn in the bedroom, lots of mosquitoes getting in.",,,
TKT-351,Papunya (Remote),557,25,"Flyscreen torn in the bedroom, lots of mosquitoes getting in.",,,
TKT-352,Yirrkala (Remote),629,84,Door handle loose on front door.,,,
TKT-353,Wadeye (Remote),427,116,Power point in kitchen sparking when I plug in the kettle.,,,
TKT-354,Yirrkala (Remote),585,97,Refrigerator not cooling adequately.,,,
TKT-355,Jabiru (Remote),212,34,Main water pipe to house is leaking into the yard. Pressure is low.,,,
TKT-356,Darwin (Urban),17,107,"Flyscreen torn in the bedroom, lots of mosquitoes getting in.",,,
TKT-357,Papunya (Remote),590,115,Gutter blocked with leaves causing water overflow.,,,
TKT-358,Kintore (Remote),607,90,Refrigerator not cooling adequately.,This repair is straightforward and can be completed within 2 hours.,Elderly occupants are particularly vulnerable to this issue.,"FRICTION DETECTED: Assigning TKT-358 burns 3 hours of travel time (Efficiency Loss), but deferring it violates remote health SLAs for the 3th consecutive week (Equity Violation)."
TKT-359,Maningrida (Remote),502,55,Aircon dripping slightly in the living room. Not urgent but annoying.,,,
TKT-360,Maningrida (Remote),479,117,Stove burner not igniting.,This repair is straightforward and can be completed within 2 hours.,The issue affects essential services (water/power) for a household with young children.,"FRICTION DETECTED: Assigning TKT-360 burns 2 hours of travel time (Efficiency Loss), but deferring it violates remote health SLAs for the 3th consecutive week (Equity Violation)."
TKT-361,Groote Eylandt (Remote),541,30,Door handle loose on front door.,Delaying this repair risks further damage to the property.,This ticket has breached the 30-day SLA. The safety hazard in a remote community represents a critical health risk.,"FRICTION DETECTED: Assigning TKT-361 burns 2 hours of travel time (Efficiency Loss), but deferring it violates remote health SLAs for the 3th consecutive week (Equity Violation)."
TKT-362,Groote Eylandt (Remote),500,92,"Toilet running continuously, wasting water.",,,
TKT-363,Katherine (Urban),308,74,"Kitchen sink draining slowly, possible blockage.",,,
TKT-364,Katherine (Urban),321,87,Stove burner not igniting.,Addressing this issue prevents escalation to a more costly repair.,Residents in remote areas have limited access to services; delays exacerbate inequities.,"FRICTION DETECTED: Assigning TKT-364 burns 3 hours of travel time (Efficiency Loss), but deferring it violates remote health SLAs for the 1th consecutive week (Equity Violation)."
TKT-365,Palmerston (Urban),0,58,Window cracked in bedroom after storm.,,,
TKT-366,Jabiru (Remote),242,76,Window cracked in bedroom after storm.,This ticket is low priority and can be batched with other nearby tasks.,The issue affects essential services (water/power) for a household with young children.,URGENT ACTION REQUIRED: Safety implications outweigh efficiency considerations.
TKT-367,Groote Eylandt (Remote),513,29,"Light flickering in bathroom, needs electrician.",,,
TKT-368,Kintore (Remote),620,56,Stove burner not igniting.,,,
TKT-369,Groote Eylandt (Remote),465,34,"Kitchen sink draining slowly, possible blockage.",,,
TKT-370,Groote Eylandt (Remote),515,40,"Pet door flap damaged, needs replacement.",,,
TKT-371,Wadeye (Remote),401,70,Power point in kitchen sparking when I plug in the kettle.,,,
TKT-372,Alice Springs (Urban),1456,92,Window cracked in bedroom after storm.,,,
TKT-373,Tennant Creek (Remote),971,51,"Pet door flap damaged, needs replacement.",,,
TKT-374,Nhulunbuy (Remote),632,69,"Pet door flap damaged, needs replacement.",,,
TKT-375,Jabiru (Remote),285,60,Power point in kitchen sparking when I plug in the kettle.,,,
TKT-376,Palmerston (Urban),0,64,"Flyscreen torn in the bedroom, lots of mosquitoes getting in.",,,
TKT-377,Yirrkala (Remote),584,9,"Pet door flap damaged, needs replacement.",,,
TKT-378,Nhulunbuy (Remote),650,119,"Kitchen sink draining slowly, possible blockage.",,,
TKT-379,Nhulunbuy (Remote),660,8,Hot water system not heating water properly.,,,
TKT-380,Maningrida (Remote),487,92,Main water pipe to house is leaking into the yard. Pressure is low.,,,
TKT-381,Yuendumu (Remote),253,39,Stove burner not igniting.,This repair is straightforward and can be completed within 2 hours.,Residents in remote areas have limited access to services; delays exacerbate inequities.,STANDARD PRIORITY: No significant equity or efficiency conflicts identified.
TKT-382,Nhulunbuy (Remote),591,38,Aircon dripping slightly in the living room. Not urgent but annoying.,,,
TKT-383,Yirrkala (Remote),542,96,"Kitchen sink draining slowly, possible blockage.",,,
TKT-384,Papunya (Remote),581,23,Hot water system not heating water properly.,This repair is straightforward and can be completed within 2 hours.,This ticket has breached the 30-day SLA. The safety hazard in a remote community represents a critical health risk.,BALANCED APPROACH: The efficiency gain from delaying is marginal compared to the equity impact of prolonged wait.
TKT-385,Groote Eylandt (Remote),458,36,Main water pipe to house is leaking into the yard. Pressure is low.,Addressing this issue prevents escalation to a more costly repair.,Elderly occupants are particularly vulnerable to this issue.,URGENT ACTION REQUIRED: Safety implications outweigh efficiency considerations.
TKT-386,Wadeye (Remote),409,67,"Flyscreen torn in the bedroom, lots of mosquitoes getting in.",,,
TKT-387,Yirrkala (Remote),622,8,Smoke detector beeping intermittently.,,,
TKT-388,Groote Eylandt (Remote),460,14,Aircon dripping slightly in the living room. Not urgent but annoying.,,,
TKT-389,Tennant Creek (Remote),1043,81,Hot water system not heating water properly.,,,
TKT-390,Nhulunbuy (Remote),679,1,"Toilet running continuously, wasting water.",,,
TKT-391,Yirrkala (Remote),621,67,"Flyscreen torn in the bedroom, lots of mosquitoes getting in.",,,
TKT-392,Palmerston (Urban),19,25,"Toilet running continuously, wasting water.",Addressing this issue prevents escalation to a more costly repair.,This ticket has breached the 30-day SLA. The safety hazard in a remote community represents a critical health risk.,BALANCED APPROACH: The efficiency gain from delaying is marginal compared to the equity impact of prolonged wait.
TKT-393,Maningrida (Remote),481,24,Refrigerator not cooling adequately.,,,
TKT-394,Jabiru (Remote),232,54,Hot water system not heating water properly.,Delaying this repair risks further damage to the property.,Residents in remote areas have limited access to services; delays exacerbate inequities.,"FRICTION DETECTED: Assigning TKT-394 burns 2 hours of travel time (Efficiency Loss), but deferring it violates remote health SLAs for the 3th consecutive week (Equity Violation)."
TKT-395,Yuendumu (Remote),341,42,Smoke detector beeping intermittently.,This ticket is low priority and can be batched with other nearby tasks.,This ticket has breached the 30-day SLA. The safety hazard in a remote community represents a critical health risk.,STANDARD PRIORITY: No significant equity or efficiency conflicts identified.
TKT-396,Jabiru (Remote),203,89,Main water pipe to house is leaking into the yard. Pressure is low.,,,
TKT-397,Wadeye (Remote),378,52,Aircon dripping slightly in the living room. Not urgent but annoying.,,,
TKT-398,Katherine (Urban),294,29,"Pet door flap damaged, needs replacement.",,,
TKT-399,Tennant Creek (Remote),995,101,Gutter blocked with leaves causing water overflow.,,,
TKT-400,Papunya (Remote),567,39,Stove burner not igniting.,Delaying this repair risks further damage to the property.,Historical under-service in this locality warrants prioritization.,STANDARD PRIORITY: No significant equity or efficiency conflicts identified.
TKT-401,Jabiru (Remote),204,38,"Kitchen sink draining slowly, possible blockage.",,,
TKT-402,Yirrkala (Remote),596,91,Aircon dripping slightly in the living room. Not urgent but annoying.,,,
TKT-403,Tennant Creek (Remote),983,29,"Kitchen sink draining slowly, possible blockage.",,,
TKT-404,Katherine (Urban),336,25,Main water pipe to house is leaking into the yard. Pressure is low.,,,
TKT-405,Tennant Creek (Remote),1015,36,"Pet door flap damaged, needs replacement.","Bypassing this ticket allows the fleet to clear 4 jobs in Darwin today, maximizing resource utility.",Historical under-service in this locality warrants prioritization.,URGENT ACTION REQUIRED: Safety implications outweigh efficiency considerations.
TKT-406,Nhulunbuy (Remote),621,82,Smoke detector beeping intermittently.,,,
TKT-407,Jabiru (Remote),265,0,"Pet door flap damaged, needs replacement.",,,
TKT-408,Alice Springs (Urban),1520,53,Power point in kitchen sparking when I plug in the kettle.,,,
TKT-409,Maningrida (Remote),504,46,"Flyscreen torn in the bedroom, lots of mosquitoes getting in.","Bypassing this ticket allows the fleet to clear 4 jobs in Darwin today, maximizing resource utility.",The issue affects essential services (water/power) for a household with young children.,BALANCED APPROACH: The efficiency gain from delaying is marginal compared to the equity impact of prolonged wait.
TKT-410,Darwin (Urban),21,27,Power point in kitchen sparking when I plug in the kettle.,,,
TKT-411,Nhulunbuy (Remote),556,4,"Light flickering in bathroom, needs electrician.",,,
TKT-412,Papunya (Remote),619,4,Stove burner not igniting.,,,
TKT-413,Nhulunbuy (Remote),669,97,Hot water system not heating water properly.,,,
TKT-414,Jabiru (Remote),273,58,"Light flickering in bathroom, needs electrician.",,,
TKT-415,Yuendumu (Remote),281,50,Door handle loose on front door.,,,
TKT-416,Alice Springs (Urban),1484,105,"Kitchen sink draining slowly, possible blockage.",,,
TKT-417,Alice Springs (Urban),1487,32,"Toilet running continuously, wasting water.",,,
TKT-418,Palmerston (Urban),18,43,Gutter blocked with leaves causing water overflow.,,,
TKT-419,Maningrida (Remote),463,82,Power point in kitchen sparking when I plug in the kettle.,,,
TKT-420,Katherine (Urban),368,17,Gutter blocked with leaves causing water overflow.,,,
TKT-421,Darwin (Urban),0,31,Gutter blocked with leaves causing water overflow.,,,
TKT-422,Tennant Creek (Remote),1018,21,"Light flickering in bathroom, needs electrician.",,,
TKT-423,Yuendumu (Remote),347,38,Door handle loose on front door.,,,
TKT-424,Papunya (Remote),640,118,"Toilet running continuously, wasting water.",This ticket is low priority and can be batched with other nearby tasks.,Elderly occupants are particularly vulnerable to this issue.,STANDARD PRIORITY: No significant equity or efficiency conflicts identified.
TKT-425,Yuendumu (Remote),278,86,Window cracked in bedroom after storm.,"Bypassing this ticket allows the fleet to clear 4 jobs in Darwin today, maximizing resource utility.",The issue affects essential services (water/power) for a household with young children.,BALANCED APPROACH: The efficiency gain from delaying is marginal compared to the equity impact of prolonged wait.
TKT-426,Darwin (Urban),26,83,"Toilet running continuously, wasting water.",,,
TKT-427,Tennant Creek (Remote),1018,117,Door handle loose on front door.,,,
TKT-428,Nhulunbuy (Remote),578,89,"Toilet running continuously, wasting water.",,,
TKT-429,Tennant Creek (Remote),1012,101,Main water pipe to house is leaking into the yard. Pressure is low.,,,
TKT-430,Palmerston (Urban),51,61,Smoke detector beeping intermittently.,,,
TKT-431,Kintore (Remote),656,54,"Light flickering in bathroom, needs electrician.",,,
TKT-432,Yuendumu (Remote),331,109,Aircon dripping slightly in the living room. Not urgent but annoying.,,,
TKT-433,Alice Springs (Urban),1454,106,Smoke detector beeping intermittently.,,,
TKT-434,Jabiru (Remote),277,9,"Kitchen sink draining slowly, possible blockage.",,,
TKT-435,Papunya (Remote),613,101,Main water pipe to house is leaking into the yard. Pressure is low.,,,
TKT-436,Kintore (Remote),629,100,Window cracked in bedroom after storm.,,,
TKT-437,Katherine (Urban),290,7,Stove burner not igniting.,,,
TKT-438,Jabiru (Remote),201,72,Stove burner not igniting.,Delaying this repair risks further damage to the property.,Residents in remote areas have limited access to services; delays exacerbate inequities.,URGENT ACTION REQUIRED: Safety implications outweigh efficiency considerations.
TKT-439,Kintore (Remote),668,5,Main water pipe to house is leaking into the yard. Pressure is low.,,,
TKT-440,Groote Eylandt (Remote),532,100,Power point in kitchen sparking when I plug in the kettle.,,,
TKT-441,Maningrida (Remote),456,119,Refrigerator not cooling adequately.,"Bypassing this ticket allows the fleet to clear 4 jobs in Darwin today, maximizing resource utility.",This ticket has breached the 30-day SLA. The safety hazard in a remote community represents a critical health risk.,"FRICTION DETECTED: Assigning TKT-441 burns 8 hours of travel time (Efficiency Loss), but deferring it violates remote health SLAs for the 2th consecutive week (Equity Violation)."
TKT-442,Alice Springs (Urban),1484,9,Refrigerator not cooling adequately.,,,
TKT-443,Nhulunbuy (Remote),550,40,Gutter blocked with leaves causing water overflow.,,,
TKT-444,Yuendumu (Remote),348,102,Aircon dripping slightly in the living room. Not urgent but annoying.,"Bypassing this ticket allows the fleet to clear 4 jobs in Darwin today, maximizing resource utility.",The issue affects essential services (water/power) for a household with young children.,"FRICTION DETECTED: Assigning TKT-444 burns 6 hours of travel time (Efficiency Loss), but deferring it violates remote health SLAs for the 4th consecutive week (Equity Violation)."
TKT-445,Yirrkala (Remote),557,81,Window cracked in bedroom after storm.,,,
TKT-446,Katherine (Urban),279,79,Refrigerator not cooling adequately.,,,
TKT-447,Wadeye (Remote),366,25,Window cracked in bedroom after storm.,,,
TKT-448,Tennant Creek (Remote),1006,115,Aircon dripping slightly in the living room. Not urgent but annoying.,,,
TKT-449,Kintore (Remote),654,38,Window cracked in bedroom after storm.,,,
TKT-450,Yirrkala (Remote),544,32,"Light flickering in bathroom, needs electrician.",,,
TKT-451,Yuendumu (Remote),299,80,"Toilet running continuously, wasting water.",This ticket is low priority and can be batched with other nearby tasks.,Residents in remote areas have limited access to services; delays exacerbate inequities.,URGENT ACTION REQUIRED: Safety implications outweigh efficiency considerations.
TKT-452,Papunya (Remote),554,61,Hot water system not heating water properly.,,,
TKT-453,Tennant Creek (Remote),1035,117,"Toilet running continuously, wasting water.",,,
TKT-454,Yirrkala (Remote),532,7,Stove burner not igniting.,,,
TKT-455,Maningrida (Remote),456,83,Stove burner not igniting.,Addressing this issue prevents escalation to a more costly repair.,Historical under-service in this locality warrants prioritization.,URGENT ACTION REQUIRED: Safety implications outweigh efficiency considerations.
TKT-456,Yirrkala (Remote),558,39,"Toilet running continuously, wasting water.",,,
TKT-457,Yuendumu (Remote),314,19,Door handle loose on front door.,,,
TKT-458,Kintore (Remote),639,47,Power point in kitchen sparking when I plug in the kettle.,Addressing this issue prevents escalation to a more costly repair.,Historical under-service in this locality warrants prioritization.,"FRICTION DETECTED: Assigning TKT-458 burns 7 hours of travel time (Efficiency Loss), but deferring it violates remote health SLAs for the 4th consecutive week (Equity Violation)."
TKT-459,Katherine (Urban),352,58,"Pet door flap damaged, needs replacement.",,,
TKT-460,Nhulunbuy (Remote),640,26,Power point in kitchen sparking when I plug in the kettle.,This repair is straightforward and can be completed within 2 hours.,Historical under-service in this locality warrants prioritization.,URGENT ACTION REQUIRED: Safety implications outweigh efficiency considerations.
TKT-461,Wadeye (Remote),391,56,Window cracked in bedroom after storm.,,,
TKT-462,Groote Eylandt (Remote),466,101,"Kitchen sink draining slowly, possible blockage.",,,
TKT-463,Darwin (Urban),63,7,Door handle loose on front door.,,,
TKT-464,Palmerston (Urban),30,104,Main water pipe to house is leaking into the yard. Pressure is low.,"Bypassing this ticket allows the fleet to clear 4 jobs in Darwin today, maximizing resource utility.",This ticket has breached the 30-day SLA. The safety hazard in a remote community represents a critical health risk.,BALANCED APPROACH: The efficiency gain from delaying is marginal compared to the equity impact of prolonged wait.
TKT-465,Katherine (Urban),305,80,Smoke detector beeping intermittently.,,,
TKT-466,Groote Eylandt (Remote),520,43,Stove burner not igniting.,,,
TKT-467,Katherine (Urban),356,108,"Toilet running continuously, wasting water.",,,
TKT-468,Jabiru (Remote),296,10,Refrigerator not cooling adequately.,,,
TKT-469,Papunya (Remote),570,59,"Kitchen sink draining slowly, possible blockage.",,,
TKT-470,Yirrkala (Remote),569,55,"Pet door flap damaged, needs replacement.",This ticket is low priority and can be batched with other nearby tasks.,Residents in remote areas have limited access to services; delays exacerbate inequities.,"FRICTION DETECTED: Assigning TKT-470 burns 5 hours of travel time (Efficiency Loss), but deferring it violates remote health SLAs for the 5th consecutive week (Equity Violation)."
TKT-471,Tennant Creek (Remote),966,38,"Flyscreen torn in the bedroom, lots of mosquitoes getting in.",,,
TKT-472,Papunya (Remote),551,17,"Light flickering in bathroom, needs electrician.",,,
TKT-473,Kintore (Remote),611,99,Window cracked in bedroom after storm.,Addressing this issue prevents escalation to a more costly repair.,Elderly occupants are particularly vulnerable to this issue.,BALANCED APPROACH: The efficiency gain from delaying is marginal compared to the equity impact of prolonged wait.
TKT-474,Tennant Creek (Remote),1024,21,Door handle loose on front door.,,,
TKT-475,Kintore (Remote),611,77,"Toilet running continuously, wasting water.",,,
TKT-476,Katherine (Urban),368,96,Power point in kitchen sparking when I plug in the kettle.,,,
TKT-477,Palmerston (Urban),68,15,"Flyscreen torn in the bedroom, lots of mosquitoes getting in.",,,
TKT-478,Jabiru (Remote),289,69,Refrigerator not cooling adequately.,,,
TKT-479,Palmerston (Urban),24,60,"Flyscreen torn in the bedroom, lots of mosquitoes getting in.",,,
TKT-480,Darwin (Urban),0,0,"Pet door flap damaged, needs replacement.",,,
TKT-481,Darwin (Urban),30,39,Main water pipe to house is leaking into the yard. Pressure is low.,,,
TKT-482,Katherine (Urban),302,2,Main water pipe to house is leaking into the yard. Pressure is low.,,,
TKT-483,Palmerston (Urban),26,55,Main water pipe to house is leaking into the yard. Pressure is low.,,,
TKT-484,Nhulunbuy (Remote),550,72,Smoke detector beeping intermittently.,,,
TKT-485,Darwin (Urban),32,40,Stove burner not igniting.,Delaying this repair risks further damage to the property.,Elderly occupants are particularly vulnerable to this issue.,BALANCED APPROACH: The efficiency gain from delaying is marginal compared to the equity impact of prolonged wait.
TKT-486,Darwin (Urban),0,103,"Kitchen sink draining slowly, possible blockage.",,,
TKT-487,Katherine (Urban),366,38,"Toilet running continuously, wasting water.",,,
TKT-488,Nhulunbuy (Remote),604,31,Refrigerator not cooling adequately.,Delaying this repair risks further damage to the property.,Historical under-service in this locality warrants prioritization.,BALANCED APPROACH: The efficiency gain from delaying is marginal compared to the equity impact of prolonged wait.
TKT-489,Papunya (Remote),617,47,Gutter blocked with leaves causing water overflow.,,,
TKT-490,Yuendumu (Remote),291,83,Aircon dripping slightly in the living room. Not urgent but annoying.,,,
TKT-491,Kintore (Remote),630,16,"Toilet running continuously, wasting water.",,,
TKT-492,Yirrkala (Remote),546,89,Stove burner not igniting.,,,
TKT-493,Alice Springs (Urban),1539,1,Power point in kitchen sparking when I plug in the kettle.,,,
TKT-494,Nhulunbuy (Remote),683,30,Main water pipe to house is leaking into the yard. Pressure is low.,,,
TKT-495,Nhulunbuy (Remote),632,97,"Light flickering in bathroom, needs electrician.",,,
TKT-496,Tennant Creek (Remote),1028,96,Hot water system not heating water properly.,,,
TKT-497,Groote Eylandt (Remote),465,60,Door handle loose on front door.,This ticket is low priority and can be batched with other nearby tasks.,The issue affects essential services (water/power) for a household with young children.,BALANCED APPROACH: The efficiency gain from delaying is marginal compared to the equity impact of prolonged wait.
TKT-498,Maningrida (Remote),456,102,Door handle loose on front door.,,,
TKT-499,Tennant Creek (Remote),1035,115,"Flyscreen torn in the bedroom, lots of mosquitoes getting in.",,,
TKT-500,Kintore (Remote),621,2,Hot water system not heating water properly.,,,
TKT-501,Alice Springs (Urban),1547,40,Smoke detector beeping intermittently.,,,
TKT-502,Jabiru (Remote),292,59,Refrigerator not cooling adequately.,,,
TKT-503,Jabiru (Remote),219,86,Power point in kitchen sparking when I plug in the kettle.,,,
TKT-504,Palmerston (Urban),26,12,Door handle loose on front door.,,,
TKT-505,Palmerston (Urban),37,39,"Flyscreen torn in the bedroom, lots of mosquitoes getting in.",,,
TKT-506,Maningrida (Remote),526,63,"Pet door flap damaged, needs replacement.",,,
TKT-507,Tennant Creek (Remote),994,63,"Kitchen sink draining slowly, possible blockage.",,,
TKT-508,Nhulunbuy (Remote),600,90,Main water pipe to house is leaking into the yard. Pressure is low.,,,
TKT-509,Darwin (Urban),0,15,"Light flickering in bathroom, needs electrician.",,,
TKT-510,Tennant Creek (Remote),1043,39,Hot water system not heating water properly.,,,
TKT-511,Katherine (Urban),306,114,Stove burner not igniting.,,,
TKT-512,Papunya (Remote),642,47,Power point in kitchen sparking when I plug in the kettle.,Addressing this issue prevents escalation to a more costly repair.,The issue affects essential services (water/power) for a household with young children.,BALANCED APPROACH: The efficiency gain from delaying is marginal compared to the equity impact of prolonged wait.
TKT-513,Groote Eylandt (Remote),472,2,Power point in kitchen sparking when I plug in the kettle.,,,
TKT-514,Yuendumu (Remote),301,14,Power point in kitchen sparking when I plug in the kettle.,,,
TKT-515,Tennant Creek (Remote),989,111,"Kitchen sink draining slowly, possible blockage.",,,
TKT-516,Nhulunbuy (Remote),644,23,Main water pipe to house is leaking into the yard. Pressure is low.,This ticket is low priority and can be batched with other nearby tasks.,The issue affects essential services (water/power) for a household with young children.,URGENT ACTION REQUIRED: Safety implications outweigh efficiency considerations.
TKT-517,Darwin (Urban),45,89,Door handle loose on front door.,"Bypassing this ticket allows the fleet to clear 4 jobs in Darwin today, maximizing resource utility.",Elderly occupants are particularly vulnerable to this issue.,"FRICTION DETECTED: Assigning TKT-517 burns 3 hours of travel time (Efficiency Loss), but deferring it violates remote health SLAs for the 4th consecutive week (Equity Violation)."
TKT-518,Jabiru (Remote),271,62,Window cracked in bedroom after storm.,,,
TKT-519,Tennant Creek (Remote),1014,7,"Light flickering in bathroom, needs electrician.",,,
TKT-520,Alice Springs (Urban),1494,61,Refrigerator not cooling adequately.,,,
TKT-521,Yirrkala (Remote),549,107,Aircon dripping slightly in the living room. Not urgent but annoying.,Delaying this repair risks further damage to the property.,Residents in remote areas have limited access to services; delays exacerbate inequities.,BALANCED APPROACH: The efficiency gain from delaying is marginal compared to the equity impact of prolonged wait.
TKT-522,Darwin (Urban),45,62,"Flyscreen torn in the bedroom, lots of mosquitoes getting in.",,,
TKT-523,Tennant Creek (Remote),1046,69,Main water pipe to house is leaking into the yard. Pressure is low.,,,
TKT-524,Yuendumu (Remote),322,87,Refrigerator not cooling adequately.,,,
TKT-525,Palmerston (Urban),24,63,Refrigerator not cooling adequately.,,,
TKT-526,Katherine (Urban),308,55,Window cracked in bedroom after storm.,,,
TKT-527,Maningrida (Remote),508,53,"Pet door flap damaged, needs replacement.",,,
TKT-528,Jabiru (Remote),252,34,"Flyscreen torn in the bedroom, lots of mosquitoes getting in.",,,
TKT-529,Wadeye (Remote),416,40,Hot water system not heating water properly.,This ticket is low priority and can be batched with other nearby tasks.,Historical under-service in this locality warrants prioritization.,"FRICTION DETECTED: Assigning TKT-529 burns 2 hours of travel time (Efficiency Loss), but deferring it violates remote health SLAs for the 1th consecutive week (Equity Violation)."
TKT-530,Nhulunbuy (Remote),628,103,Gutter blocked with leaves causing water overflow.,Delaying this repair risks further damage to the property.,The issue affects essential services (water/power) for a household with young children.,"FRICTION DETECTED: Assigning TKT-530 burns 7 hours of travel time (Efficiency Loss), but deferring it violates remote health SLAs for the 1th consecutive week (Equity Violation)."
TKT-531,Yirrkala (Remote),606,23,Stove burner not igniting.,,,
TKT-532,Kintore (Remote),644,25,Power point in kitchen sparking when I plug in the kettle.,Addressing this issue prevents escalation to a more costly repair.,Residents in remote areas have limited access to services; delays exacerbate inequities.,BALANCED APPROACH: The efficiency gain from delaying is marginal compared to the equity impact of prolonged wait.
TKT-533,Yuendumu (Remote),321,51,"Light flickering in bathroom, needs electrician.",,,
TKT-534,Papunya (Remote),626,36,Gutter blocked with leaves causing water overflow.,Addressing this issue prevents escalation to a more costly repair.,Historical under-service in this locality warrants prioritization.,STANDARD PRIORITY: No significant equity or efficiency conflicts identified.
TKT-535,Tennant Creek (Remote),966,103,Main water pipe to house is leaking into the yard. Pressure is low.,,,
TKT-536,Papunya (Remote),623,110,Door handle loose on front door.,,,
TKT-537,Palmerston (Urban),55,93,Window cracked in bedroom after storm.,,,
TKT-538,Nhulunbuy (Remote),596,61,Refrigerator not cooling adequately.,,,
TKT-539,Alice Springs (Urban),1482,116,Door handle loose on front door.,,,
TKT-540,Papunya (Remote),625,28,Window cracked in bedroom after storm.,,,
TKT-541,Darwin (Urban),30,0,Smoke detector beeping intermittently.,,,
TKT-542,Yirrkala (Remote),531,89,Window cracked in bedroom after storm.,,,
TKT-543,Wadeye (Remote),436,90,"Toilet running continuously, wasting water.",,,
TKT-544,Kintore (Remote),686,63,"Toilet running continuously, wasting water.",,,
TKT-545,Kintore (Remote),634,100,Aircon dripping slightly in the living room. Not urgent but annoying.,"Bypassing this ticket allows the fleet to clear 4 jobs in Darwin today, maximizing resource utility.",The issue affects essential services (water/power) for a household with young children.,URGENT ACTION REQUIRED: Safety implications outweigh efficiency considerations.
TKT-546,Wadeye (Remote),390,20,Refrigerator not cooling adequately.,This repair is straightforward and can be completed within 2 hours.,Historical under-service in this locality warrants prioritization.,BALANCED APPROACH: The efficiency gain from delaying is marginal compared to the equity impact of prolonged wait.
TKT-547,Alice Springs (Urban),1479,55,Power point in kitchen sparking when I plug in the kettle.,,,
TKT-548,Tennant Creek (Remote),1006,109,Aircon dripping slightly in the living room. Not urgent but annoying.,This repair is straightforward and can be completed within 2 hours.,Residents in remote areas have limited access to services; delays exacerbate inequities.,URGENT ACTION REQUIRED: Safety implications outweigh efficiency considerations.
TKT-549,Darwin (Urban),14,28,Smoke detector beeping intermittently.,"Bypassing this ticket allows the fleet to clear 4 jobs in Darwin today, maximizing resource utility.",This ticket has breached the 30-day SLA. The safety hazard in a remote community represents a critical health risk.,URGENT ACTION REQUIRED: Safety implications outweigh efficiency considerations.
TKT-550,Groote Eylandt (Remote),533,53,Refrigerator not cooling adequately.,This repair is straightforward and can be completed within 2 hours.,The issue affects essential services (water/power) for a household with young children.,STANDARD PRIORITY: No significant equity or efficiency conflicts identified.
TKT-551,Palmerston (Urban),57,47,Power point in kitchen sparking when I plug in the kettle.,,,
TKT-552,Papunya (Remote),556,75,"Pet door flap damaged, needs replacement.",,,
TKT-553,Groote Eylandt (Remote),515,109,Main water pipe to house is leaking into the yard. Pressure is low.,"Bypassing this ticket allows the fleet to clear 4 jobs in Darwin today, maximizing resource utility.",Historical under-service in this locality warrants prioritization.,BALANCED APPROACH: The efficiency gain from delaying is marginal compared to the equity impact of prolonged wait.
TKT-554,Yuendumu (Remote),256,32,Smoke detector beeping intermittently.,,,
TKT-555,Nhulunbuy (Remote),633,106,Gutter blocked with leaves causing water overflow.,,,
TKT-556,Jabiru (Remote),214,3,Hot water system not heating water properly.,,,
TKT-557,Papunya (Remote),574,75,Window cracked in bedroom after storm.,,,
TKT-558,Yirrkala (Remote),540,101,Main water pipe to house is leaking into the yard. Pressure is low.,,,
TKT-559,Alice Springs (Urban),1500,16,Aircon dripping slightly in the living room. Not urgent but annoying.,,,
TKT-560,Wadeye (Remote),445,28,Refrigerator not cooling adequately.,,,
TKT-561,Nhulunbuy (Remote),578,43,Stove burner not igniting.,,,
TKT-562,Alice Springs (Urban),1462,8,Gutter blocked with leaves causing water overflow.,,,
TKT-563,Alice Springs (Urban),1549,19,Smoke detector beeping intermittently.,,,
TKT-564,Alice Springs (Urban),1547,110,Door handle loose on front door.,,,
TKT-565,Kintore (Remote),626,0,"Pet door flap damaged, needs replacement.",,,
TKT-566,Alice Springs (Urban),1494,14,"Light flickering in bathroom, needs electrician.",,,
TKT-567,Palmerston (Urban),26,93,Smoke detector beeping intermittently.,,,
TKT-568,Yirrkala (Remote),594,46,Main water pipe to house is leaking into the yard. Pressure is low.,,,
TKT-569,Groote Eylandt (Remote),527,83,Gutter blocked with leaves causing water overflow.,Delaying this repair risks further damage to the property.,Historical under-service in this locality warrants prioritization.,URGENT ACTION REQUIRED: Safety implications outweigh efficiency considerations.
TKT-570,Katherine (Urban),348,70,Stove burner not igniting.,,,
TKT-571,Darwin (Urban),29,43,"Kitchen sink draining slowly, possible blockage.",,,
TKT-572,Wadeye (Remote),401,17,"Pet door flap damaged, needs replacement.",,,
TKT-573,Darwin (Urban),56,101,Smoke detector beeping intermittently.,Delaying this repair risks further damage to the property.,The issue affects essential services (water/power) for a household with young children.,STANDARD PRIORITY: No significant equity or efficiency conflicts identified.
TKT-574,Papunya (Remote),602,90,Gutter blocked with leaves causing water overflow.,,,
TKT-575,Maningrida (Remote),475,35,Stove burner not igniting.,,,
TKT-576,Katherine (Urban),276,99,"Flyscreen torn in the bedroom, lots of mosquitoes getting in.",,,
TKT-577,Nhulunbuy (Remote),633,32,"Flyscreen torn in the bedroom, lots of mosquitoes getting in.",,,
TKT-578,Darwin (Urban),38,102,Hot water system not heating water properly.,Addressing this issue prevents escalation to a more costly repair.,The issue affects essential services (water/power) for a household with young children.,"FRICTION DETECTED: Assigning TKT-578 burns 6 hours of travel time (Efficiency Loss), but deferring it violates remote health SLAs for the 1th consecutive week (Equity Violation)."
TKT-579,Yirrkala (Remote),568,67,"Flyscreen torn in the bedroom, lots of mosquitoes getting in.",,,
TKT-580,Groote Eylandt (Remote),461,12,"Kitchen sink draining slowly, possible blockage.",,,
TKT-581,Palmerston (Urban),62,24,"Flyscreen torn in the bedroom, lots of mosquitoes getting in.",,,
TKT-582,Palmerston (Urban),12,28,Gutter blocked with leaves causing water overflow.,,,
TKT-583,Papunya (Remote),550,51,Window cracked in bedroom after storm.,,,
TKT-584,Papunya (Remote),637,100,Gutter blocked with leaves causing water overflow.,,,
TKT-585,Darwin (Urban),0,97,Door handle loose on front door.,,,
TKT-586,Papunya (Remote),606,13,"Toilet running continuously, wasting water.",,,
TKT-587,Nhulunbuy (Remote),631,55,Main water pipe to house is leaking into the yard. Pressure is low.,,,
TKT-588,Darwin (Urban),15,97,Refrigerator not cooling adequately.,,,
TKT-589,Wadeye (Remote),368,86,Door handle loose on front door.,,,
TKT-590,Wadeye (Remote),397,86,Window cracked in bedroom after storm.,,,
TKT-591,Yuendumu (Remote),325,63,"Light flickering in bathroom, needs electrician.",,,
TKT-592,Jabiru (Remote),270,84,"Pet door flap damaged, needs replacement.",Addressing this issue prevents escalation to a more costly repair.,The issue affects essential services (water/power) for a household with young children.,"FRICTION DETECTED: Assigning TKT-592 burns 6 hours of travel time (Efficiency Loss), but deferring it violates remote health SLAs for the 3th consecutive week (Equity Violation)."
TKT-593,Darwin (Urban),0,55,Hot water system not heating water properly.,,,
TKT-594,Tennant Creek (Remote),950,100,Main water pipe to house is leaking into the yard. Pressure is low.,,,
TKT-595,Palmerston (Urban),67,45,"Pet door flap damaged, needs replacement.",,,
TKT-596,Wadeye (Remote),366,88,Gutter blocked with leaves causing water overflow.,,,
TKT-597,Nhulunbuy (Remote),610,113,Power point in kitchen sparking when I plug in the kettle.,Delaying this repair risks further damage to the property.,The issue affects essential services (water/power) for a household with young children.,"FRICTION DETECTED: Assigning TKT-597 burns 5 hours of travel time (Efficiency Loss), but deferring it violates remote health SLAs for the 4th consecutive week (Equity Violation)."
TKT-598,Nhulunbuy (Remote),571,7,Door handle loose on front door.,,,
TKT-599,Yirrkala (Remote),536,73,Window cracked in bedroom after storm.,"Bypassing this ticket allows the fleet to clear 4 jobs in Darwin today, maximizing resource utility.",Elderly occupants are particularly vulnerable to this issue.,STANDARD PRIORITY: No significant equity or efficiency conflicts identified.
