ticket_id,location,distance_km,days_waiting,text
HM-1001,Hub Town,5,2,Toilet is blocked and water is overflowing onto the bathroom floor. The family cannot use it.
HM-1002,Hub Town,5,15,"Cracked window pane in back bedroom, no glass on the floor"
HM-1003,Kunji Creek,265,18,powerpoint sparks kitchen
HM-1004,Nyarra Springs,560,50,Termites in the door frame and wall
HM-1005,Nyarra Springs,560,36,something wrong with power
HM-1006,Dargan Flats,180,35,kitchen tap leaking
HM-1007,Hub Town,5,18,Kitchen cupboard door has fallen off its hinge
HM-1008,Dargan Flats,180,22,"no power in house since yesterday, kids and nan home, very hot"
HM-1009,Hub Town,5,4,Strong smell of gas near the stove when it is turned on
HM-1010,Nyarra Springs,560,72,"Roof sheet lifted in wind, banging all night, gap above lounge"
HM-1011,Nyarra Springs,560,40,fan in bedroom wont work
HM-1012,Marlu Bore,340,55,water coming through ceiling near light fitting after storm
HM-1013,Hub Town East,12,28,Fence panel blown down in the storm
HM-1014,Hub Town,5,3,Kitchen power point is sparking and there are scorch marks on the wall plate. Tenant has switched it off at the board.
HM-1015,Kunji Creek,265,41,"Roof leaking over bedroom every time it rains, ceiling bowing"
HM-1016,Yilpa Crossing,420,21,Gas bottle regulator hissing
HM-1017,Hub Town,5,25,Bathroom exhaust fan not working and there is mould growing on the ceiling
HM-1018,Kunji Creek,265,33,Toilet blocked and overflowing in yard
HM-1019,Nyarra Springs,560,63,Washing machine not draining
HM-1020,Yilpa Crossing,420,47,Kitchen cupboard doors falling off
HM-1021,Dargan Flats,180,14,"Fridge stopped working, food going off"
HM-1022,Yilpa Crossing,420,31,Hot water leaking out of pressure valve outside
HM-1023,Marlu Bore,340,38,smell from drain
HM-1024,Dargan Flats,180,48,"shower not working, only a trickle of water"
HM-1025,Marlu Bore,340,29,"Hot water gone cold, no hot water for washing"
HM-1026,Hub Town East,12,5,"Smoke alarm beeping every few minutes, battery probably flat"
HM-1027,Yilpa Crossing,420,66,"sewage coming up in shower drain and bathroom floor, whole family using neighbours toilet"
HM-1028,Marlu Bore,340,44,"Security screen torn on bedroom window, mozzies coming in"
HM-1029,Yilpa Crossing,420,75,clothesline fell down
HM-1030,Hub Town,5,7,"Hot water system leaking onto the floor of the laundry, small puddle each morning"
HM-1031,Hub Town,5,12,"Dripping tap in bathroom, been going for a few weeks"
HM-1032,Hub Town,5,6,Gutter is hanging off at the front of the house
HM-1033,Nyarra Springs,560,27,Exposed wires hanging from ceiling in hallway after light fell down
HM-1034,Kunji Creek,265,52,AC not working. house very hot. old man sick
HM-1035,Hub Town East,12,9,Ants all through the kitchen cupboards
HM-1036,Nyarra Springs,560,58,"No water to house at all, pump or tank broken"
HM-1037,Hub Town,5,2,Air conditioner in lounge making a loud noise but still cooling
HM-1038,Hub Town,5,20,Front door lock sticks and is hard to turn
HM-1039,Marlu Bore,340,70,Back door will not lock
HM-1040,Hub Town East,12,1,"Toilet cistern running constantly, wasting water"
HM-1041,Kunji Creek,265,60,Door handle broken front door
