ticket_id,property_id,location,distance_km,days_waiting,text
TCK-101,NT-CAS-101,Casuarina,6,2,"Active sparking and crackling sound coming from main circuit breaker box in hallway. Strong burning plastic smell. Tenant isolated main switch."
TCK-102,NT-WAD-102,Wadeye,420,29,"Single toilet blocked and raw sewage backing up into bathroom shower recess. House has elderly resident and two young children with no second bathroom."
TCK-103,NT-KAT-103,Katherine,315,48,"External front wooden entry steps rotted out completely. Lower tread snapped underfoot, leaving a steep drop-off and blocking safe egress."
TCK-104,NT-TEN-104,Tennant Creek,988,54,"Hairline fissure across external bedroom window pane. Tenant secured it with packing tape from inside. Glass is intact, no drafts or rattles."
TCK-105,NT-PAL-105,Palmerston,18,3,"Laundry trough cold tap has persistent slow drip from base of spout when turned off. Roughly one bucket filled every 12 hours."
TCK-106,NT-JAB-106,Jabiru,255,42,"Main split-system air conditioner stopped blowing cool air and leaks water down the living room plasterboard wall whenever switched on."
TCK-107,NT-DAR-107,Darwin City,4,16,"Intermittent electrical buzzing inside wall cavity behind refrigerator. Breaker has not tripped yet, but sound worsens when compressor kicks in."
TCK-108,NT-BAT-108,Batchelor,98,11,"Concealed water leak under concrete slab. Water meter spinning continuously with all fixtures closed, and soil beside foundation is waterlogged."
TCK-109,NT-NIG-109,Nightcliff,9,14,"Subterranean termites detected entering through base of skirting board in back bedroom. Plasterboard feels soft when pressed."
TCK-110,NT-PIN-110,Pine Creek,225,19,"Ceiling plasterboard in hallway sagging noticeably after heavy rainfall event. No active water drip currently, but ceiling bows down ~50mm."
TCK-111,NT-BER-111,Berrimah,14,52,"Aesthetic issue: cosmetic paint flaking and dry water stains on ceiling from a roof leak that was repaired last dry season."
TCK-112,NT-ADL-112,Adelaide River,112,37,"External security screen mesh torn near handle latch. Lock mechanism still operates, but flies and insects enter freely."
TCK-121,NT-WAD-121,Wadeye,420,12,"Laundry external louvre pane loose in frame; rattles in coastal wind. Glass intact."
TCK-122,NT-WAD-122,Wadeye,420,49,"Kitchen cupboard under-sink hinge sheared; door hanging off. Waiting 49 days."
TCK-123,NT-TEN-123,Tennant Creek,988,8,"Bathroom vanity cold water tap washer perished, dripping into basin."
TCK-124,NT-TEN-124,Tennant Creek,988,61,"Security screen door closer cylinder leaked oil, door slams shut quickly."
TCK-125,NT-KAT-125,Katherine,315,14,"Rear garden hose bibb leaking at spindle gland nut when tap opened."
TCK-126,NT-KAT-126,Katherine,315,52,"Flyscreen on bedroom window has 50mm tear along bottom spline."
TCK-127,NT-JAB-127,Jabiru,255,9,"External security sensor spotlight globe blown, needs replacement."
TCK-128,NT-MAN-128,Maningrida,500,38,"Kitchen sink draining slowly with gurgling sounds, possible grease trap blockage."
TCK-129,NT-YUE-129,Yuendumu,290,46,"Main water pipe to house leaking into yard, soil saturated and pressure drop."
TCK-130,NT-ALI-130,Alice Springs,1518,7,"Power point in kitchen sparking when kettle is plugged in."
TCK-131,NT-PAL-131,Palmerston,19,35,"Shower head leaking at swivel joint, spraying fine mist onto bathroom door."
TCK-132,NT-DAR-132,Darwin City,4,28,"Bedroom door latch strike plate loose; door does not stay latched when breezy."
TCK-133,NT-CAS-133,Casuarina,7,41,"Gutter downpipe connection detached at roof level, water splashing onto wall."
TCK-134,NT-NIG-134,Nightcliff,10,3,"Smoke detector chirping intermittent low battery warning in hallway."
